case_id,score
57543,0.017049601100229024
57549,0.04283793896079627
57551,0.012268743539526016
57552,0.043358070383683334
57569,0.192757802953312
57630,0.039339993804426085
57631,0.04160482270799379
57632,0.019019996592813986
57633,0.017097996060588067
57634,0.026977005178049542
